articleKey,enSlug,deSlug,category,primaryKeywordEN,primaryQuestionEN,primaryKeywordDE,primaryQuestionDE,referenceCount,technicalNote
cubesatTesting,cubesat-tvac-testing,cubesat-tvac-test,applications,CubeSat thermal vacuum testing,What must a CubeSat TVAC campaign demonstrate before launch integration?,CubeSat-TVAC-Test,Welche Nachweise muss eine CubeSat-TVAC-Kampagne vor der Startintegration liefern?,4,True
outgassingBasics,outgassing-in-vacuum,ausgasung-im-vakuum,basics,outgassing in vacuum,"How are TML, CVCM, bake-out, QCM and RGA used to control outgassing?",Ausgasung im Vakuum,"Wie werden TML, CVCM, Ausheizen, QCM und RGA zur Ausgasungskontrolle eingesetzt?",3,False
leakDetectionBasics,helium-leak-testing-tvac,helium-lecktest-tvac,engineeringGuide,helium leak testing vacuum chamber,How is a TVAC chamber leak-tested and how should leak rates be interpreted?,Helium-Lecktest Vakuumkammer,Wie wird eine TVAC-Kammer auf Lecks geprüft und wie sind Leckraten zu bewerten?,4,False
spaceEnvironmentSimulation,space-environment-simulation,weltraumumgebung-simulieren,basics,space environment simulation chamber,Which parts of the orbital thermal environment can a TVAC chamber reproduce?,Weltraumsimulationskammer,Welche Teile der thermischen Orbitumgebung kann eine TVAC-Kammer nachbilden?,3,False
tvacTestTypes,tvac-test-types,tvac-testarten,basics,TVAC test types,Which TVAC test type answers which verification question?,TVAC-Testarten,Welche TVAC-Testart beantwortet welche Verifikationsfrage?,3,True
electricPropulsionTesting,electric-propulsion-vacuum-testing,elektrische-antriebe-vakuumtest,applications,electric propulsion vacuum testing,Why do firing tests for Hall and ion thrusters require dedicated vacuum facilities?,elektrische Antriebe Vakuumtest,Warum benötigen Feuertests von Hall- und Ionentriebwerken eigene Vakuumanlagen?,3,False
temperatureMeasurement,temperature-measurement-tvac,temperaturmessung-tvac,engineeringGuide,temperature measurement in TVAC,"How should temperature sensors be selected, mounted and calibrated in vacuum?",Temperaturmessung im TVAC,"Wie werden Temperatursensoren im Vakuum ausgewählt, montiert und kalibriert?",4,False
tvacFacilityRequirements,tvac-facility-requirements,tvac-anlagen-infrastruktur,engineeringGuide,TVAC facility requirements,"What utilities, safety systems and room conditions must a TVAC facility provide?",TVAC-Infrastruktur Anforderungen,"Welche Medien, Sicherheitssysteme und Raumbedingungen muss ein TVAC-Standort bereitstellen?",3,True
solarSimulationVsIr,solar-simulation-vs-infrared,solarsimulation-vs-infrarot,engineeringGuide,solar simulation vs infrared heating,When does a TVAC test need spectral solar simulation instead of heat-flux equivalence?,Solarsimulation vs Infrarotheizung,Wann braucht ein TVAC-Test spektrale Solarsimulation statt einer wärmeäquivalenten Beheizung?,3,False
tvacChamberSizing,tvac-chamber-sizing,tvac-kammer-dimensionierung,basics,TVAC chamber sizing,"How large should a TVAC chamber be for the test item, fixture, harness and growth margin?",TVAC-Kammer dimensionieren,"Wie groß muss eine TVAC-Kammer für Prüfling, Vorrichtung, Verkabelung und Reserve sein?",3,True
tvacLeadTimes,tvac-chamber-lead-time,tvac-kammer-lieferzeit,decisionSupport,TVAC chamber lead time,"Which engineering, procurement and acceptance steps determine TVAC delivery time?",Lieferzeit TVAC-Kammer,"Welche Engineering-, Beschaffungs- und Abnahmeschritte bestimmen die Lieferzeit einer TVAC-Kammer?",3,True
ecssStandardsOverview,ecss-tvac-standards,ecss-normen-tvac-tests,basics,TVAC test standards,"How do ECSS-E-ST-10-03C Rev.1, GSFC-STD-7000B and SMC-S-016 frame thermal-vacuum verification?",Normen für TVAC-Tests,"Wie rahmen ECSS-E-ST-10-03C Rev.1, GSFC-STD-7000B und SMC-S-016 die Thermalvakuum-Verifikation?",4,True
tvacAutomation,tvac-chamber-automation,tvac-automatisierung-steuerung,engineeringGuide,TVAC automation,"What must a modern chamber control system automate, protect and record?",TVAC-Automatisierung,"Was muss eine moderne Kammersteuerung automatisieren, schützen und dokumentieren?",3,True
inHouseVsExternalTesting,in-house-vs-external-tvac-testing,inhouse-vs-externe-tvac-tests,decisionSupport,in-house vs external TVAC testing,When does owning a TVAC chamber make more sense than using a test service?,eigene TVAC-Kammer oder Testdienstleister,Wann ist eine eigene TVAC-Kammer sinnvoller als eine externe Prüfdienstleistung?,3,False
opticsElectronicsTesting,testing-optics-electronics-vacuum,optik-elektronik-vakuumtest,applications,testing optics and electronics in vacuum,How do vacuum thermal effects and molecular contamination affect sensitive payloads?,Optik und Elektronik im Vakuumtest,Wie wirken sich fehlende Konvektion und molekulare Kontamination auf empfindliche Nutzlasten aus?,4,False
pumpingSystemSelection,tvac-pumping-systems,vakuumpumpstand-tvac,engineeringGuide,TVAC pumping systems,"How should a TVAC pumping train be selected for volume, gas load, pressure and turnaround time?",Vakuumpumpstand für TVAC,"Wie wird ein TVAC-Pumpstand für Volumen, Gaslast, Druck und Durchlaufzeit ausgelegt?",3,True
vacuumLevelsExplained,vacuum-levels-explained,vakuumbereiche-erklaert,basics,vacuum levels explained,Which vacuum range is needed for thermal-vacuum testing and why?,Vakuumbereiche erklärt,Welcher Vakuumbereich wird für Thermalvakuumtests benötigt und warum?,3,True
whatIsTvacTesting,what-is-thermal-vacuum-testing,was-ist-thermalvakuumtest,basics,what is thermal vacuum testing,What does a TVAC test reproduce and which failure mechanisms can it reveal?,Was ist ein Thermalvakuumtest,Was bildet ein TVAC-Test nach und welche Fehlermechanismen kann er sichtbar machen?,3,True
contaminationControl,contamination-control-tvac,kontaminationskontrolle-tvac,engineeringGuide,contamination control TVAC,How are molecular and particulate contamination prevented and monitored during TVAC testing?,Kontaminationskontrolle TVAC,Wie werden molekulare und partikuläre Kontamination im TVAC-Test verhindert und überwacht?,4,False
viewportsOpticalAccess,tvac-viewports-optical-access,schauglaeser-optischer-zugang,engineeringGuide,TVAC viewports optical access,Which viewport material and camera arrangement suit visual or infrared observation?,Schaugläser optischer Zugang TVAC,Welches Fenstermaterial und welche Kameraanordnung passen zu Sicht- oder Infrarotbeobachtung?,3,False
cryoShroudsThermalPlates,cryo-shrouds-thermal-plates,kryo-shrouds-thermalplatten,engineeringGuide,cryo shrouds thermal plates,"When does a TVAC setup need a shroud, a thermal plate or both?",Kryo-Shroud Thermalplatte,"Wann benötigt ein TVAC-Aufbau einen Shroud, eine Thermalplatte oder beides?",3,True
usedVsNewTvac,used-tvac-chamber-vs-new,gebrauchte-tvac-kammer-vs-neu,decisionSupport,used TVAC chamber vs new,When is a used TVAC chamber a sound investment and what must be inspected first?,gebrauchte TVAC-Kammer oder neu,Wann ist eine gebrauchte TVAC-Kammer sinnvoll und was muss vor dem Kauf geprüft werden?,3,False
